observation_date,ARGCCUSMA02STM
1959-01-01,0.0000000000065548999999999999
1959-02-01,0.0000000000066849000000000003
1959-03-01,0.0000000000068299999999999998
1959-04-01,0.0000000000080200000000000002
1959-05-01,0.0000000000090799999999999993
1959-06-01,0.0000000000085699999999999992
1959-07-01,0.0000000000085349999999999995
1959-08-01,0.0000000000083650000000000000
1959-09-01,0.0000000000083249999999999994
1959-10-01,0.0000000000082799999999999995
1959-11-01,0.0000000000083249999999999994
1959-12-01,0.0000000000083349999999999995
1960-01-01,0.0000000000082948999999999993
1960-02-01,0.0000000000082899000000000000
1960-03-01,0.0000000000082948999999999993
1960-04-01,0.0000000000083200000000000001
1960-05-01,0.0000000000082948999999999993
1960-06-01,0.0000000000082850000000000003
1960-07-01,0.0000000000082850000000000003
1960-08-01,0.0000000000082750000000000002
1960-09-01,0.0000000000082880000000000002
1960-10-01,0.0000000000082699999999999993
1960-11-01,0.0000000000082999999999999998
1960-12-01,0.0000000000082699999999999993
1961-01-01,0.0000000000082728999999999996
1961-02-01,0.0000000000082699999999999993
1961-03-01,0.0000000000082720000000000003
1961-04-01,0.0000000000082850000000000003
1961-05-01,0.0000000000082709999999999998
1961-06-01,0.0000000000082709999999999998
1961-07-01,0.0000000000082609999999999996
1961-08-01,0.0000000000083099999999999999
1961-09-01,0.0000000000083040000000000002
1961-10-01,0.0000000000083048999999999995
1961-11-01,0.0000000000083029000000000001
1961-12-01,0.0000000000083020000000000008
1962-01-01,0.0000000000083048999999999995
1962-02-01,0.0000000000083040000000000002
1962-03-01,0.0000000000082948999999999993
1962-04-01,0.0000000000099700000000000005
1962-05-01,0.0000000000114998999999999995
1962-06-01,0.0000000000135000000000000002
1962-07-01,0.0000000000119000000000000006
1962-08-01,0.0000000000126000000000000004
1962-09-01,0.0000000000129000000000000004
1962-10-01,0.0000000000140000000000000001
1962-11-01,0.0000000000147999999999999999
1962-12-01,0.0000000000134000000000000003
1963-01-01,0.0000000000135000000000000002
1963-02-01,0.0000000000135000000000000002
1963-03-01,0.0000000000141000000000000001
1963-04-01,0.0000000000136999000000000006
1963-05-01,0.0000000000139000000000000001
1963-06-01,0.0000000000139000000000000001
1963-07-01,0.0000000000135000000000000002
1963-08-01,0.0000000000135000000000000002
1963-09-01,0.0000000000149999999999999999
1963-10-01,0.0000000000146998999999999988
1963-11-01,0.0000000000141000000000000001
1963-12-01,0.0000000000133000000000000003
1964-01-01,0.0000000000132000000000000003
1964-02-01,0.0000000000132000000000000003
1964-03-01,0.0000000000139000000000000001
1964-04-01,0.0000000000136999000000000006
1964-05-01,0.0000000000136999000000000006
1964-06-01,0.0000000000138000000000000002
1964-07-01,0.0000000000138000000000000002
1964-08-01,0.0000000000144000000000000000
1964-09-01,0.0000000000144000000000000000
1964-10-01,0.0000000000144999000000000004
1964-11-01,0.0000000000149999999999999999
1964-12-01,0.0000000000151000000000000015
1965-01-01,0.0000000000149999999999999999
1965-02-01,0.0000000000151000000000000015
1965-03-01,0.0000000000149999999999999999
1965-04-01,0.0000000000171999999999999994
1965-05-01,0.0000000000171999999999999994
1965-06-01,0.0000000000171999999999999994
1965-07-01,0.0000000000171999999999999994
1965-08-01,0.0000000000171999999999999994
1965-09-01,0.0000000000178999000000000013
1965-10-01,0.0000000000181000000000000008
1965-11-01,0.0000000000178999000000000013
1965-12-01,0.0000000000188999000000000011
1966-01-01,0.0000000000188999000000000011
1966-02-01,0.0000000000188999000000000011
1966-03-01,0.0000000000188999000000000011
1966-04-01,0.0000000000189999999999999990
1966-05-01,0.0000000000203000000000000003
1966-06-01,0.0000000000205000000000000003
1966-07-01,0.0000000000203000000000000003
1966-08-01,0.0000000000215999999999999984
1966-09-01,0.0000000000217999999999999984
1966-10-01,0.0000000000217999999999999984
1966-11-01,0.0000000000246000000000000010
1966-12-01,0.0000000000246999999999999994
1967-01-01,0.0000000000246000000000000010
1967-02-01,0.0000000000256000000000000008
1967-03-01,0.0000000000350000000000000019
1967-04-01,0.0000000000350000000000000019
1967-05-01,0.0000000000350000000000000019
1967-06-01,0.0000000000350000000000000019
1967-07-01,0.0000000000350000000000000019
1967-08-01,0.0000000000350000000000000019
1967-09-01,0.0000000000350000000000000019
1967-10-01,0.0000000000350000000000000019
1967-11-01,0.0000000000350000000000000019
1967-12-01,0.0000000000350000000000000019
1968-01-01,0.0000000000350000000000000019
1968-02-01,0.0000000000350000000000000019
1968-03-01,0.0000000000350000000000000019
1968-04-01,0.0000000000350000000000000019
1968-05-01,0.0000000000350000000000000019
1968-06-01,0.0000000000350000000000000019
1968-07-01,0.0000000000350000000000000019
1968-08-01,0.0000000000350000000000000019
1968-09-01,0.0000000000350000000000000019
1968-10-01,0.0000000000350000000000000019
1968-11-01,0.0000000000350000000000000019
1968-12-01,0.0000000000350000000000000019
1969-01-01,0.0000000000350000000000000019
1969-02-01,0.0000000000350000000000000019
1969-03-01,0.0000000000350000000000000019
1969-04-01,0.0000000000350000000000000019
1969-05-01,0.0000000000350000000000000019
1969-06-01,0.0000000000350000000000000019
1969-07-01,0.0000000000350000000000000019
1969-08-01,0.0000000000350000000000000019
1969-09-01,0.0000000000350000000000000019
1969-10-01,0.0000000000350000000000000019
1969-11-01,0.0000000000350000000000000019
1969-12-01,0.0000000000350000000000000019
1970-01-01,0.0000000000350000000000000019
1970-02-01,0.0000000000350000000000000019
1970-03-01,0.0000000000350000000000000019
1970-04-01,0.0000000000350000000000000019
1970-05-01,0.0000000000350000000000000019
1970-06-01,0.0000000000399999999999999976
1970-07-01,0.0000000000399999999999999976
1970-08-01,0.0000000000399999999999999976
1970-09-01,0.0000000000399999999999999976
1970-10-01,0.0000000000399999999999999976
1970-11-01,0.0000000000399999999999999976
1970-12-01,0.0000000000399999999999999976
1971-01-01,0.0000000000399999999999999976
1971-02-01,0.0000000000399999999999999976
1971-03-01,0.0000000000399999999999999976
1971-04-01,0.0000000000399999999999999976
1971-05-01,0.0000000000410000000000000006
1971-06-01,0.0000000000440000000000000032
1971-07-01,0.0000000000469999999999999993
1971-08-01,0.0000000000500000000000000018
1971-09-01,0.0000000000500000000000000018
1971-10-01,0.0000000000500000000000000018
1971-11-01,0.0000000000500000000000000018
1971-12-01,0.0000000000500000000000000018
1972-01-01,0.0000000000500000000000000018
1972-02-01,0.0000000000500000000000000018
1972-03-01,0.0000000000500000000000000018
1972-04-01,0.0000000000500000000000000018
1972-05-01,0.0000000000500000000000000018
1972-06-01,0.0000000000500000000000000018
1972-07-01,0.0000000000500000000000000018
1972-08-01,0.0000000000500000000000000018
1972-09-01,0.0000000000500000000000000018
1972-10-01,0.0000000000500000000000000018
1972-11-01,0.0000000000500000000000000018
1972-12-01,0.0000000000500000000000000018
1973-01-01,0.0000000000500000000000000018
1973-02-01,0.0000000000500000000000000018
1973-03-01,0.0000000000500000000000000018
1973-04-01,0.0000000000500000000000000018
1973-05-01,0.0000000000500000000000000018
1973-06-01,0.0000000000500000000000000018
1973-07-01,0.0000000000500000000000000018
1973-08-01,0.0000000000500000000000000018
1973-09-01,0.0000000000500000000000000018
1973-10-01,0.0000000000500000000000000018
1973-11-01,0.0000000000500000000000000018
1973-12-01,0.0000000000500000000000000018
1974-01-01,0.0000000000500000000000000018
1974-02-01,0.0000000000500000000000000018
1974-03-01,0.0000000000500000000000000018
1974-04-01,0.0000000000500000000000000018
1974-05-01,0.0000000000500000000000000018
1974-06-01,0.0000000000500000000000000018
1974-07-01,0.0000000000500000000000000018
1974-08-01,0.0000000000500000000000000018
1974-09-01,0.0000000000500000000000000018
1974-10-01,0.0000000000500000000000000018
1974-11-01,0.0000000000500000000000000018
1974-12-01,0.0000000000500000000000000018
1975-01-01,0.0000000001000000000000000036
1975-02-01,0.0000000001000000000000000036
1975-03-01,0.0000000001509999999999999955
1975-04-01,0.0000000001509999999999999955
1975-05-01,0.0000000001509999999999999955
1975-06-01,0.0000000002790000000000000188
1975-07-01,0.0000000003280000000000000047
1975-08-01,0.0000000003779999999999999871
1975-09-01,0.0000000005539999000000000196
1975-10-01,0.0000000006800000000000000299
1975-11-01,0.0000000007249999999999999779
1975-12-01,0.0000000007919999999999999534
1976-01-01,0.0000000008970000000000000044
1976-02-01,0.0000000009879999999999998969
1976-03-01,0.0000000010700000000000000274
1976-04-01,0.0000000013600000000000000599
1976-05-01,0.0000000013999999999999999218
1976-06-01,0.0000000013999999999999999218
1976-07-01,0.0000000013999999999999999218
1976-08-01,0.0000000013999999999999999218
1976-09-01,0.0000000013999999999999999218
1976-10-01,0.0000000013999999999999999218
1976-11-01,0.0000000013999999999999999218
1976-12-01,0.0000000026899998999999999847
1977-01-01,0.0000000028399999000000000871
1977-02-01,0.0000000030199999999999999110
1977-03-01,0.0000000032500000000000001507
1977-04-01,0.0000000034499999999999998737
1977-05-01,0.0000000036300000000000000793
1977-06-01,0.0000000038199999999999996299
1977-07-01,0.0000000040199999999999997665
1977-08-01,0.0000000042599999999999997649
1977-09-01,0.0000000045500000000000002110
1977-10-01,0.0000000049399999999999998982
1977-11-01,0.0000000053700000000000002745
1977-12-01,0.0000000057699999999999997204
1978-01-01,0.0000000062099999999999998553
1978-02-01,0.0000000066299998999999996138
1978-03-01,0.0000000070099999000000003696
1978-04-01,0.0000000074199999999999996060
1978-05-01,0.0000000077200000000000006380
1978-06-01,0.0000000078500000000000008094
1978-07-01,0.0000000079799999999999993265
1978-08-01,0.0000000081899999999999992218
1978-09-01,0.0000000084900000000000002537
1978-10-01,0.0000000088599999999999995964
1978-11-01,0.0000000093399999999999995932
1978-12-01,0.0000000097900000000000003140
1979-01-01,0.0000000104000000000000004823
1979-02-01,0.0000000108000000000000007554
1979-03-01,0.0000000113999999999999995106
1979-04-01,0.0000000117999999999999997837
1979-05-01,0.0000000124000000000000001933
1979-06-01,0.0000000128999999999999997074
1979-07-01,0.0000000133999999999999992216
1979-08-01,0.0000000139999999999999996312
1979-09-01,0.0000000144999999000000007678
1979-10-01,0.0000000149999999999999986595
1979-11-01,0.0000000154999999999999998280
1979-12-01,0.0000000160000000000000009965
1980-01-01,0.0000000163999998999999995833
1980-02-01,0.0000000168999999999999991294
1980-03-01,0.0000000172999999999999994024
1980-04-01,0.0000000176999999999999996755
1980-05-01,0.0000000179999999999999990531
1980-06-01,0.0000000183999999999999993262
1980-07-01,0.0000000186999999999999987038
1980-08-01,0.0000000189999998999999997039
1980-09-01,0.0000000191999999999999998723
1980-10-01,0.0000000193999999999999983545
1980-11-01,0.0000000196000000000000001454
1980-12-01,0.0000000197999999999999986276
1981-01-01,0.0000000200999998999999996277
1981-02-01,0.0000000223999999999999987481
1981-03-01,0.0000000233000000000000001897
1981-04-01,0.0000000308999999999999987605
1981-05-01,0.0000000321999999999999971665
1981-06-01,0.0000000496000000000000007731
1981-07-01,0.0000000470999999999999982392
1981-08-01,0.0000000512000000000000018653
1981-09-01,0.0000000557999999999999967338
1981-10-01,0.0000000603999999999999982197
1981-11-01,0.0000000650999999999999939836
1981-12-01,0.0000000701999998999999982605
1982-01-01,0.0000000992000000000000015461
1982-02-01,0.0000000999999999999999954748
1982-03-01,0.0000001080000000000000009361
1982-04-01,0.0000001189999999999999935562
1982-05-01,0.0000001400000000000000095466
1982-06-01,0.0000001519999998999999895826
1982-07-01,0.0000003519999999999999756010
1982-08-01,0.0000003900000000000000247034
1982-09-01,0.0000003900000000000000247034
1982-10-01,0.0000003900000000000000247034
1982-11-01,0.0000004110000000000000142240
1982-12-01,0.0000004599999999999999897720
1983-01-01,0.0000005139999999999999703878
1983-02-01,0.0000005719999999999999868214
1983-03-01,0.0000006400000000000000133904
1983-04-01,0.0000007169999999999999749659
1983-05-01,0.0000007770000000000000357783
1983-06-01,0.0000008519999999999999529751
1983-07-01,0.0000009439999999999999826932
1983-08-01,0.0000010600000000000000155605
1983-09-01,0.0000012100000000000000617122
1983-10-01,0.0000014500000000000000932034
1983-11-01,0.0000017600000000000000897633
1983-12-01,0.0000021399999999999998396335
1984-01-01,0.0000024899999999999998767349
1984-02-01,0.0000027800000000000000647822
1984-03-01,0.0000030900000000000000613420
1984-04-01,0.0000035099999999999998517538
1984-05-01,0.0000040899999999999998043319
1984-06-01,0.0000047600000000000001657658
1984-07-01,0.0000056300000000000003063912
1984-08-01,0.0000068399999999999997328287
1984-09-01,0.0000083399999999999997708300
1984-10-01,0.0000104000000000000003764133
1984-11-01,0.0000132000000000000006732245
1984-12-01,0.0000160999999999999983185325
1985-01-01,0.0000200000000000000016360611
1985-02-01,0.0000241999999999999986931461
1985-03-01,0.0000305999999999999984035340
1985-04-01,0.0000396000000000000003256076
1985-05-01,0.0000524729999999999971839817
1985-06-01,0.0000749159999999999989773666
1985-07-01,0.0000800499999999999942070644
1985-08-01,0.0000800499999999999942070644
1985-09-01,0.0000800499999999999942070644
1985-10-01,0.0000800499999999999942070644
1985-11-01,0.0000800499999999999942070644
1985-12-01,0.0000800499999999999942070644
1986-01-01,0.0000800499999999999942070644
1986-02-01,0.0000800499999999999942070644
1986-03-01,0.0000800499999999999942070644
1986-04-01,0.0000825960000000000067613484
1986-05-01,0.0000846410000000000049694485
1986-06-01,0.0000874499999999999978956070
1986-07-01,0.0000903359999999999970302089
1986-08-01,0.0000963809999999999975984002
1986-09-01,0.0001049299999999999999421643
1986-10-01,0.0001091789999999000020883960
1986-11-01,0.0001148849999999999952618110
1986-12-01,0.0001210899999999999942981027
1987-01-01,0.0001290189999999999924135824
1987-02-01,0.0001386650000000000013643253
1987-03-01,0.0001537950000000000004996698
1987-04-01,0.0001537999999999999979106990
1987-05-01,0.0001587790000000000056358529
1987-06-01,0.0001704209999999000096741752
1987-07-01,0.0001887809999998999897427576
1987-08-01,0.0002111129999999999961885627
1987-09-01,0.0002439870000000000070401046
1987-10-01,0.0003234819999999999904673198
1987-11-01,0.0003499999999999999964438169
1987-12-01,0.0003513160000000000089161178
1988-01-01,0.0003907860000000000087923280
1988-02-01,0.0004320709999998999998986615
1988-03-01,0.0004907730000000000121843091
1988-04-01,0.0005718159999999999475867041
1988-05-01,0.0006628610000000000491288121
1988-06-01,0.0008046359999999999580364007
1988-07-01,0.0009624519999998999621876328
1988-08-01,0.0011960000000000000144884105
1988-09-01,0.0011960000000000000144884105
1988-10-01,0.0012183800000000000272187828
1988-11-01,0.0012646499999999999755417868
1988-12-01,0.0013126999999999999779731752
1989-01-01,0.0013665500000000000129646294
1989-02-01,0.0014484999999999999178296184
1989-03-01,0.0015293800000000001056837950
1989-04-01,0.0064379999999999003995609925
1989-05-01,0.0124499999999999992617016886
1989-06-01,0.0209285999999999985932142010
1989-07-01,0.0565405000000000004800604358
1989-08-01,0.0652500000000000024424906542
1989-09-01,0.0652500000000000024424906542
1989-10-01,0.0652500000000000024424906542
1989-11-01,0.0652500000000000024424906542
1989-12-01,0.1463059999999999916120430044
1990-01-01,0.1677669999999999994599875208
1990-02-01,0.3732110000000000149533718741
1990-03-01,0.4761000000000000231814567542
1990-04-01,0.4956579999999999874837897096
1990-05-01,0.4995949999999999002753270361
1990-06-01,0.5266999999999999459987520822
1990-07-01,0.5324050000000000171240799318
1990-08-01,0.6028640000000000664925892124
1990-09-01,0.5790499999999999536370864917
1990-10-01,0.5583409999999999762110292068
1990-11-01,0.5279520000000000878870309862
1990-12-01,0.5114260000000000472297756460
1991-01-01,0.6486420000000000518625142831
1991-02-01,0.9376499999999999834798813936
1991-03-01,0.9468680000000000429594138041
1991-04-01,0.9786000000000000254019028034
1991-05-01,0.9864859999999999740083467259
1991-06-01,0.9934500000000000552446977053
1991-07-01,0.9934229999999999449755705427
1991-08-01,0.9935089999999999754720647616
1991-09-01,0.9911050000000000137490019370
1991-10-01,0.9910090000000000287627699436
1991-11-01,0.9906110000000000193054461306
1991-12-01,0.9912999999999999589661570099
1992-01-01,0.9905000000000000470734562441
1992-02-01,0.9907599999999999740296630080
1992-03-01,0.9916000000000000369482222595
1992-04-01,0.9905699999999999505462255911
1992-05-01,0.9905000000000000470734562441
1992-06-01,0.9905000000000000470734562441
1992-07-01,0.9906700000000000505551156493
1992-08-01,0.9906000000000000360600438398
1992-09-01,0.9905000000000000470734562441
1992-10-01,0.9905000000000000470734562441
1992-11-01,0.9905000000000000470734562441
1992-12-01,0.9905000000000000470734562441
1993-01-01,0.9991500080499999825178747415
1993-02-01,0.9994736910526319517700244432
1993-03-01,0.9992941268235290275256943460
1993-04-01,0.9988421203157892280799501350
1993-05-01,0.9987500162500000389087517760
1993-06-01,0.9983809734285707948586718885
1993-07-01,0.9981904997142859725656194314
1993-08-01,0.9990952498571430417939609470
1993-09-01,0.9998636381363640301955797440
1993-10-01,0.9993000091000000528751456841
1993-11-01,0.9984091115909091707081302047
1993-12-01,0.9980000260000000400495423492
1994-01-01,0.9988571577142858481934695192
1994-02-01,0.9989444581666667710706519756
1994-03-01,0.9990454669545452137668917203
1994-04-01,0.9994761972857140186476954113
1994-05-01,0.9984091115909091707081302047
1994-06-01,0.9981818418181820362633516197
1994-07-01,0.9984285918571428330992034716
1994-08-01,0.9992608791739130413844804934
1994-09-01,0.9994545525454547885146894259
1994-10-01,0.9990000129999999645136199433
1994-11-01,0.9994545525454547885146894259
1994-12-01,0.9985000195000000022815811462
1995-01-01,0.9998181978181820417361791442
1995-02-01,1.0003500224500001536398485769
1995-03-01,1.0006956900869599103032214771
1995-04-01,1.0005000234999998909302121319
1995-05-01,1.0007143192857099744941251629
1995-06-01,1.0006363935454500868615923537
1995-07-01,1.0008095618571399842977598382
1995-08-01,1.0007273069090900641242569691
1995-09-01,1.0008000375999999143061813811
1995-10-01,1.0007619405714300864218557763
1995-11-01,1.0004545668181799022988798242
1995-12-01,1.0002500117499999454651060660
1996-01-01,1.0002727400909099397807722198
1996-02-01,1.0004000187999999571530906906
1996-03-01,1.0000526340526298962885221044
1996-04-01,1.0000000000000000000000000000
1996-05-01,1.0000000000000000000000000000
1996-06-01,1.0000000000000000000000000000
1996-07-01,1.0000000000000000000000000000
1996-08-01,1.0000000000000000000000000000
1996-09-01,1.0000000000000000000000000000
1996-10-01,1.0000000000000000000000000000
1996-11-01,1.0000000000000000000000000000
1996-12-01,1.0000000000000000000000000000
1997-01-01,0.9999523815714291830047955045
1997-02-01,0.9999375008124999908432073426
1997-03-01,0.9999285723571430528622272504
1997-04-01,1.0000000000000000000000000000
1997-05-01,1.0000000000000000000000000000
1997-06-01,1.0000000000000000000000000000
1997-07-01,1.0000000000000000000000000000
1997-08-01,1.0000000000000000000000000000
1997-09-01,1.0000000000000000000000000000
1997-10-01,1.0000000000000000000000000000
1997-11-01,1.0000000000000000000000000000
1997-12-01,1.0000000000000000000000000000
1998-01-01,0.9998761837142859931759630854
1998-02-01,0.9998649980499999534444555138
1998-03-01,0.9998681784999999822005634087
1998-04-01,0.9998999830000000477170374324
1998-05-01,0.9998999830000000477170374324
1998-06-01,0.9998545508181819752024921399
1998-07-01,0.9998869451304351896325783855
1998-08-01,0.9997952321428570376937727815
1998-09-01,0.9998636295909090199174329427
1998-10-01,0.9998045398636360436839254362
1998-11-01,0.9997238061904759609532789000
1998-12-01,0.9997636536818179653351990055
1999-01-01,0.9996750114500000394812673221
1999-02-01,0.9997799989500000261699597104
1999-03-01,0.9992260752173908189277540259
1999-04-01,0.9995749803500000307820982925
1999-05-01,0.9992856926190479827099011345
1999-06-01,0.9994999770000000394176709051
1999-07-01,0.9992499950000000019656454242
1999-08-01,0.9995136340909092087514409286
1999-09-01,0.9995818325454549624353717263
1999-10-01,0.9998000033809519848659874697
1999-11-01,0.9997857209999999605898324262
1999-12-01,0.9997857295714291936405970773
2000-01-01,0.9998100009500000551199150323
2000-02-01,0.9994476434285709531835095731
2000-03-01,0.9997347901739129794052018951
2000-04-01,0.9995200184000000431794319411
2000-05-01,0.9996913228260871919772512229
2000-06-01,0.9996681941363639856135137052
2000-07-01,0.9996809673809520235820968992
2000-08-01,0.9997869803913039810083773773
2000-09-01,0.9996950206500000435383412878
2000-10-01,0.9997000176363639578624997739
2000-11-01,0.9996681996363639965963443501
2000-12-01,0.9995750069500000112299176180
2001-01-01,0.9994818349090910380994046136
2001-02-01,0.9997799870500000407602669839
2001-03-01,1.0001500029090899523964708351
2001-04-01,0.9995200009000000385128714697
2001-05-01,0.9996087006521739981579344203
2001-06-01,0.9997799904761900391392259735
2001-07-01,0.9994136392727271944735889520
2001-08-01,0.9990565180869571682009677716
2001-09-01,0.9995499997500000288752630695
2001-10-01,0.9995521720869572357415222541
2001-11-01,0.9984590924999999783651105645
2001-12-01,1.0076999533888899573952357969
2002-01-01,1.6159999803636397874839758515
2002-02-01,1.9912000179000000077422782851
2002-03-01,2.3885714212381001786411616195
2002-04-01,2.9309091025454501178160171548
2002-05-01,3.2853260661739098758005184209
2002-06-01,3.6105000137999998521820543829
2002-07-01,3.6115173775652200660601920390
2002-08-01,3.6204545388636399927406728239
2002-09-01,3.6419047287618999675373743230
2002-10-01,3.6555217349565198858840631146
2002-11-01,3.5128571760476203778011949908
2002-12-01,3.5002631764736800157322704763
2003-01-01,3.2527272593181799642536589090
2003-02-01,3.1425999879500001732424152578
2003-03-01,3.0491666453333299280359369732
2003-04-01,2.8855681962272696772231483919
2003-05-01,2.8332727172272700322253058403
2003-06-01,2.7929047400952402568918842007
2003-07-01,2.7705217235217403093372467993
2003-08-01,2.9033048264761900369990144100
2003-09-01,2.8977273375909100572300758358
2003-10-01,2.8415651736086999790131812915
2003-11-01,2.8489999414999997995323610667
2003-12-01,2.9371429170476202052952885424
2004-01-01,2.8738094966190499413016823382
2004-02-01,2.9019950866000003841804755211
2004-03-01,2.8837391500869600236001133453
2004-04-01,2.8181817530909101243707937101
2004-05-01,2.9019047986190495969083258387
2004-06-01,2.9477273227727298632316887961
2004-07-01,2.9418182372727299522807697940
2004-08-01,2.9859091044545493787154555321
2004-09-01,2.9763636590454503050295897992
2004-10-01,2.9538095679523803660515568481
2004-11-01,2.9390909673181804251385074167
2004-12-01,2.9526087409565198171890187950
2005-01-01,2.9385714872381001327994454186
2005-02-01,2.8965000985999997951125806139
2005-03-01,2.9082609568695700907881018793
2005-04-01,2.8928572450476202071456555132
2005-05-01,2.8816000655000002517169832572
2005-06-01,2.8822363724090895864549111138
2005-07-01,2.8693619228571400903149424266
2005-08-01,2.8857738867826099316005183937
2005-09-01,2.9115227245454500248911244853
2005-10-01,2.9620238031428600677941176400
2005-11-01,2.9655454591818202203512555570
2005-12-01,3.0143636355909104729278169543
2006-01-01,3.0470454910000004389303285279
2006-02-01,3.0699999809500004843698661716
2006-03-01,3.0767825998260898145986175223
2006-04-01,3.0679499983999996004513377557
2006-05-01,3.0556956166521698214921798353
2006-06-01,3.0809091005909103877513643965
2006-07-01,3.0818095209047595695039944985
2006-08-01,3.0792608780869596962759260350
2006-09-01,3.1005238239523800203301107103
2006-10-01,3.0978181689545500887561502168
2006-11-01,3.0752272824090898240001479280
2006-12-01,3.0595714364761898984568233573
2007-01-01,3.0852608786956499109521701030
2007-02-01,3.1027000072000001651417733228
2007-03-01,3.1014090670454503850805849652
2007-04-01,3.0907142844285697691475434112
2007-05-01,3.0805652246956496398411218252
2007-06-01,3.0794761749047596666173376434
2007-07-01,3.1128636707727301846659884177
2007-08-01,3.1527391411739098536770598002
2007-09-01,3.1472999809500001866524598881
2007-10-01,3.1596086957391298355446451751
2007-11-01,3.1356363619545497556373447878
2007-12-01,3.1400499936999999306408426492
2008-01-01,3.1450434663478303853878514929
2008-02-01,3.1594761778571402999205020024
2008-03-01,3.1557618776190494713773659896
2008-04-01,3.1665000047727298593258637993
2008-05-01,3.1514091057272701767999478761
2008-06-01,3.0417142820952403070577929611
2008-07-01,3.0216086633912997427842128673
2008-08-01,3.0331904546190502358626872592
2008-09-01,3.0836818218181800688171279035
2008-10-01,3.2385260954782602027535176603
2008-11-01,3.3273499966000001926147433551
2008-12-01,3.4250499963499998479221630987
2009-01-01,3.4650500179999998984214926168
2009-02-01,3.5099500060500004039454324811
2009-03-01,3.6556363538181799732740273612
2009-04-01,3.6908181689090895361005095765
2009-05-01,3.7229999930476198599649251264
2009-06-01,3.7661682042272697223950217449
2009-07-01,3.8073478471739106154814180627
2009-08-01,3.8379999799047590514078365231
2009-09-01,3.8412272607272703872638430767
2009-10-01,3.8246818130454505180182422919
2009-11-01,3.8093333470476191671139076789
2009-12-01,3.8037825978260895176674694085
2010-01-01,3.8029047987619000181780393177
2010-02-01,3.8478549958500001260119915969
2010-03-01,3.8593043453043502921673280071
2010-04-01,3.8724999863181799319988840580
2010-05-01,3.8984285533333302709024792421
2010-06-01,3.9228636566818191333538834442
2010-07-01,3.9318636548181800094425852876
2010-08-01,3.9347727297727295159290861193
2010-09-01,3.9495000187727296037110136240
2010-10-01,3.9545238360952401635017849912
2010-11-01,3.9657272861363601634820952313
2010-12-01,3.9738695623478297314079554781
2011-01-01,3.9792380902857105162695461331
2011-02-01,4.0193999526499997188011548133
2011-03-01,4.0343043078695695058399905975
2011-04-01,4.0640476545238097827450474142
2011-05-01,4.0807728117727295469308046449
2011-06-01,4.0925909824545501081161091861
2011-07-01,4.1167619343809516152532523847
2011-08-01,4.1648261236086998593464159057
2011-09-01,4.1992273549090892714730216539
2011-10-01,4.2189046997618993017908906040
2011-11-01,4.2573181282727299290513656160
2011-12-01,4.2851818691818195361520338338
2012-01-01,4.3167726993181796402154759562
2012-02-01,4.3445714088095197524808099843
2012-03-01,4.3524091028181803864072207944
2012-04-01,4.3936189470000002188498910982
2012-05-01,4.4460434913478303897704790870
2012-06-01,4.4920000121428600436956912745
2012-07-01,4.5480909130000002349447640881
2012-08-01,4.6076521044782596803202068259
2012-09-01,4.6695499896000001172069460154
2012-10-01,4.7255217510869602648426734959
2012-11-01,4.7964999674545500951694521063
2012-12-01,4.8813333283809505758199520642
2013-01-01,4.9478695290000000994723450276
2013-02-01,5.0094999791000001110319317377
2013-03-01,5.0870475997142898805236654880
2013-04-01,5.1514091057272706208891577262
2013-05-01,5.2393333570476201543897332158
2013-06-01,5.3317500352499997973154677311
2013-07-01,5.4397282393043484560735123523
2013-08-01,5.5823181976363596135115585639
2013-09-01,5.7364285559523793267544533592
2013-10-01,5.8478804880434802626609780418
2013-11-01,6.0173809869047589771184902929
2013-12-01,6.3420454588636401282997212547
2014-01-01,7.0970107989999995368179952493
2014-02-01,7.8466250895500015971606444509
2014-03-01,7.9287500608571388482914699125
2014-04-01,8.0012502669999996385286067380
2014-05-01,8.0388636155000003924442353309
2014-06-01,8.1247023624285699128222404397
2014-07-01,8.1598369349999995137068253825
2014-08-01,8.3166071575238103008587131626
2014-09-01,8.4156249221363612633695083787
2014-10-01,8.4777718004782585126122285146
2014-11-01,8.5128749370000011964521036134
2014-12-01,8.5490763707826094019992524409
2015-01-01,8.6003409733181790386424836470
2015-02-01,8.6858749866499991298951499630
2015-03-01,8.7812500433636397900727388333
2015-04-01,8.8629545731363599259111651918
2015-05-01,8.9483214332857112793817577767
2015-06-01,9.0415910374090895373910825583
2015-07-01,9.1408151958695693650724933832
2015-08-01,9.2431546620000002434380803606
2015-09-01,9.3636930639545514765131883905
2015-10-01,9.4876136346363608708998071961
2015-11-01,9.6261309669047605552805180196
2015-12-01,11.3129347925651995154794349219
2016-01-01,13.6144643514285998975310576498
2016-02-01,14.8128094899999993572237144690
2016-03-01,14.9147827321739008255008229753
2016-04-01,14.3872618909524003782962608966
2016-05-01,14.1163296272726981328560214024
2016-06-01,14.1557386136363998474507752690
2016-07-01,14.8748808809524017959802222322
2016-08-01,14.8326629560870006940831444808
2016-09-01,15.1125567181818016848637853400
2016-10-01,15.1749402900000003313607521704
2016-11-01,15.3534659904545005559839410125
2016-12-01,15.8485797109090995604674390052
2017-01-01,15.9105678472727003480713392491
2017-02-01,15.5793125634999984896467140061
2017-03-01,15.5249455486956993155445161392
2017-04-01,15.3351876269999998214643710526
2017-05-01,15.7178240656522003604322890169
2017-06-01,16.1236884809090987857871368760
2017-07-01,17.1988023809524008811422390863
2017-08-01,17.4122756521738999424542271299
2017-09-01,17.2388023809524000284909561742
2017-10-01,17.4548790909090989487140177516
2017-11-01,17.4832322727272995166458713356
2017-12-01,17.7277319047618995284665288636
2018-01-01,19.0187986956521974946099362569
2018-02-01,19.8392429999999997392023942666
2018-03-01,20.2303309090908989276158536086
2018-04-01,20.2417776190475997566409205319
2018-05-01,23.6157008695651988716690539150
2018-06-01,26.5976128571428951374855387257
2018-07-01,27.5961290909090983802798291435
2018-08-01,30.1795582608696015824989444809
2018-09-01,38.6138685000000023705979401711
2018-10-01,37.0316247826087021621788153425
2018-11-01,36.4695390909091017306309367996
2018-12-01,37.8442785714285889753227820620
2019-01-01,37.5284708695651971765983034857
2019-02-01,38.3946189999999987207957019564
2019-03-01,41.3497542857143045580414764117
2019-04-01,43.1098786363635966267793264706
2019-05-01,44.8519504347826014623024093453
2019-06-01,43.7224934999999987894625519402
2019-07-01,42.5140139130435059655610530172
2019-08-01,52.6357900000000000773070496507
2019-09-01,56.5716609523810021187273378018
2019-10-01,58.5278182608696013744520314503
2019-11-01,59.7143147619047951479842595290
2019-12-01,59.8813545454544993162926402874
2020-01-01,60.0024921739130050468702393118
2020-02-01,61.3976200000000034151526051573
2020-03-01,63.2400513636363967862052959390
2020-04-01,65.7070949999999953661244944669
2020-05-01,67.7045166666666915489258826710
2020-06-01,69.5331754545454998606146546081
2020-07-01,71.4280382608695987300961860456
2020-08-01,73.2864238095238107462137122639
2020-09-01,75.1986304545455084280547453091
2020-10-01,77.5606763636364036074155592360
2020-11-01,79.9183261904762076710539986379
2020-12-01,82.6819521739129896786835161038
2021-01-01,85.8864219047619030789064709097
2021-02-01,88.6627420000000228128556045704
2021-03-01,91.0899926086956952531181741506
2021-04-01,92.7863581818182012739271158352
2021-05-01,94.1214261904761855248580104671
2021-06-01,95.2609086363635952920958516188
2021-07-01,96.2250009090908946518538868986
2021-08-01,97.2072718181817947424860903993
2021-09-01,98.2824995454544989570422330871
2021-10-01,99.2221428571429129306125105359
2021-11-01,100.3188645454549998703441815451
2021-12-01,101.9213043478259947960395948030
2022-01-01,103.9852380952380030976200941950
2022-02-01,106.3645000000000067075234255753
2022-03-01,109.3989130434780037148811970837
2022-04-01,113.3040476190480063678478472866
2022-05-01,117.8506818181819966184775694273
2022-06-01,122.7588636363639977844286477193
2022-07-01,128.4521428571430021747801220044
2022-08-01,135.2697826086960048996843397617
2022-09-01,143.4174999999999897681846050546
2022-10-01,152.2628571428570012358250096440
2022-11-01,162.1738636363639898263500072062
2022-12-01,172.6234090909090070908860070631
2023-01-01,182.2447727272729878222889965400
2023-02-01,192.0207499999999924966687103733
2023-03-01,205.1800000000000068212102632970
2023-04-01,216.0269999999999868123268242925
2023-05-01,230.6519565217390095313021447510
2023-06-01,248.1090909090910088252712739632
2023-07-01,265.5808904761900066660018637776
2023-08-01,323.3326434782609908324957359582
2023-09-01,350.0059571428569711315503809601
2023-10-01,350.0261409090910547092789784074
2023-11-01,353.6579954545449595570971723646
2023-12-01,636.5023952380950049700913950801
2024-01-01,817.9228260869570021895924583077
2024-02-01,834.5761952380948969221208244562
2024-03-01,851.0714285714290099349454976618
2024-04-01,867.9772727272729753167368471622
2024-05-01,886.5326086956520157400518655777
2024-06-01,903.6250000000000000000000000000
2024-07-01,922.3043478260869960649870336056
2024-08-01,941.6136363636360329110175371170
2024-09-01,960.5952380952380735834594815969
2024-10-01,979.7500000000000000000000000000
2024-11-01,1000.0119047619000411941669881344
2024-12-01,1020.4886363636400119503377936780
2025-01-01,1041.9130434782600787002593278885
2025-02-01,1057.5374999999999090505298227072
2025-03-01,1067.5059523809500205970834940672
